[ {
  "realmId" : "Unknown",
  "gameMode" : "Constructed",
  "gameType" : "Normal",
  "gameId" : "75a93e0e-14ee-4d12-8c1a-3ce0d123a661",
  "isAI" : false,
  "deckId" : "5aecba31-4513-4c8f-ae0f-cff5fce501e9",
  "faction1" : "Demacia",
  "faction2" : "Freljord",
  "faction3" : "Unknown",
  "gameStartTimeUTC" : null,
  "gameEndTimeUTC" : null,
  "playTimeSeconds" : 896,
  "gameTimeSeconds" : 896,
  "gameOutcome" : "Victory",
  "gameOutcomeReason" : "Zero Health",
  "totalTurnCount" : 34,
  "orderOfPlay" : 1,
  "country" : "Unknown",
  "platform" : "Windows"
}, {
  "realmId" : "Unknown",
  "gameMode" : "Constructed",
  "gameType" : "Normal",
  "gameId" : "e61da7b3-a603-4e5f-83d1-53445a425d93",
  "isAI" : false,
  "deckId" : "5aecba31-4513-4c8f-ae0f-cff5fce501e9",
  "faction1" : "Demacia",
  "faction2" : "Freljord",
  "faction3" : "Unknown",
  "gameStartTimeUTC" : null,
  "gameEndTimeUTC" : null,
  "playTimeSeconds" : 896,
  "gameTimeSeconds" : 896,
  "gameOutcome" : "Victory",
  "gameOutcomeReason" : "Zero Health",
  "totalTurnCount" : 30,
  "orderOfPlay" : 1,
  "country" : "Unknown",
  "platform" : "Windows"
}, {
  "realmId" : "Unknown",
  "gameMode" : "Constructed",
  "gameType" : "AI",
  "gameId" : "8fca46e9-a968-47f7-9468-86d9552d6c09",
  "isAI" : false,
  "deckId" : "7da5fc1d-d24b-45f2-a5be-2de048ced2cc",
  "faction1" : "Demacia",
  "faction2" : "Unknown",
  "faction3" : "Unknown",
  "gameStartTimeUTC" : null,
  "gameEndTimeUTC" : null,
  "playTimeSeconds" : 768,
  "gameTimeSeconds" : 768,
  "gameOutcome" : "Victory",
  "gameOutcomeReason" : "Zero Health",
  "totalTurnCount" : 28,
  "orderOfPlay" : 1,
  "country" : "Unknown",
  "platform" : "Windows"
}, {
  "realmId" : "Unknown",
  "gameMode" : "Constructed",
  "gameType" : "AI",
  "gameId" : "8bf8d6c9-c3c8-4525-ab06-b6eed85f3a5c",
  "isAI" : false,
  "deckId" : "7da5fc1d-d24b-45f2-a5be-2de048ced2cc",
  "faction1" : "Demacia",
  "faction2" : "Unknown",
  "faction3" : "Unknown",
  "gameStartTimeUTC" : null,
  "gameEndTimeUTC" : null,
  "playTimeSeconds" : 384,
  "gameTimeSeconds" : 384,
  "gameOutcome" : "Defeat",
  "gameOutcomeReason" : "Disconnect",
  "totalTurnCount" : 16,
  "orderOfPlay" : 1,
  "country" : "Unknown",
  "platform" : "Windows"
}, {
  "realmId" : "Unknown",
  "gameMode" : "Constructed",
  "gameType" : "AI",
  "gameId" : "5eb490ff-4cce-4b02-aa3e-efc59adc0cc9",
  "isAI" : false,
  "deckId" : "fb23e10b-4d40-4f25-86cb-a6960bc01d69",
  "faction1" : "Freljord",
  "faction2" : "Unknown",
  "faction3" : "Unknown",
  "gameStartTimeUTC" : null,
  "gameEndTimeUTC" : null,
  "playTimeSeconds" : 1792,
  "gameTimeSeconds" : 1792,
  "gameOutcome" : "Victory",
  "gameOutcomeReason" : "Zero Health",
  "totalTurnCount" : 28,
  "orderOfPlay" : 1,
  "country" : "Unknown",
  "platform" : "Windows"
}, {
  "realmId" : "Unknown",
  "gameMode" : "Tutorial 5a",
  "gameType" : "AI",
  "gameId" : "cc69246a-c06e-4872-9245-a55a126e9619",
  "isAI" : false,
  "deckId" : "7d222ca3-baa9-41ba-8d9b-3f033902e72e",
  "faction1" : "Piltover",
  "faction2" : "Unknown",
  "faction3" : "Unknown",
  "gameStartTimeUTC" : null,
  "gameEndTimeUTC" : null,
  "playTimeSeconds" : 384,
  "gameTimeSeconds" : 384,
  "gameOutcome" : "Victory",
  "gameOutcomeReason" : "Zero Health",
  "totalTurnCount" : 18,
  "orderOfPlay" : 1,
  "country" : "Unknown",
  "platform" : "Windows"
}, {
  "realmId" : "Unknown",
  "gameMode" : "Tutorial 6b",
  "gameType" : "AI",
  "gameId" : "0c8a0ef3-ac2e-4782-a2e8-ab5753e1af4c",
  "isAI" : false,
  "deckId" : "c7121420-bc3c-44de-b060-b71ccbd58f10",
  "faction1" : "Shadow Isles",
  "faction2" : "Unknown",
  "faction3" : "Unknown",
  "gameStartTimeUTC" : null,
  "gameEndTimeUTC" : null,
  "playTimeSeconds" : 0,
  "gameTimeSeconds" : 0,
  "gameOutcome" : "Victory",
  "gameOutcomeReason" : "Zero Health",
  "totalTurnCount" : 1,
  "orderOfPlay" : 1,
  "country" : "Unknown",
  "platform" : "Windows"
}, {
  "realmId" : "Unknown",
  "gameMode" : "Tutorial 6a",
  "gameType" : "AI",
  "gameId" : "0c8a0ef3-ac2e-4782-a2e8-ab5753e1af4c",
  "isAI" : false,
  "deckId" : "912c565f-2246-4ea2-8f74-91b8dccf04e6",
  "faction1" : "Demacia",
  "faction2" : "Unknown",
  "faction3" : "Unknown",
  "gameStartTimeUTC" : null,
  "gameEndTimeUTC" : null,
  "playTimeSeconds" : 256,
  "gameTimeSeconds" : 256,
  "gameOutcome" : "Victory",
  "gameOutcomeReason" : "Zero Health",
  "totalTurnCount" : 10,
  "orderOfPlay" : 1,
  "country" : "Unknown",
  "platform" : "Windows"
}, {
  "realmId" : "Unknown",
  "gameMode" : "Tutorial 7a",
  "gameType" : "AI",
  "gameId" : "abb3f0c8-1187-4ed5-9f57-38ecd3eb936a",
  "isAI" : false,
  "deckId" : "c5c31e61-55a7-4ef8-b1a4-a81024986fc6",
  "faction1" : "Ionia",
  "faction2" : "Unknown",
  "faction3" : "Unknown",
  "gameStartTimeUTC" : null,
  "gameEndTimeUTC" : null,
  "playTimeSeconds" : 768,
  "gameTimeSeconds" : 768,
  "gameOutcome" : "Victory",
  "gameOutcomeReason" : "Zero Health",
  "totalTurnCount" : 32,
  "orderOfPlay" : 1,
  "country" : "Unknown",
  "platform" : "Windows"
}, {
  "realmId" : "Unknown",
  "gameMode" : "Constructed",
  "gameType" : "AI",
  "gameId" : "7d19a946-e88f-49ee-8b1a-566fecca60be",
  "isAI" : false,
  "deckId" : "cf0bae5e-a7ce-4fdb-9c5f-f7a05d6a9bd5",
  "faction1" : "Unknown",
  "faction2" : "Unknown",
  "faction3" : "Unknown",
  "gameStartTimeUTC" : null,
  "gameEndTimeUTC" : null,
  "playTimeSeconds" : 0,
  "gameTimeSeconds" : 0,
  "gameOutcome" : "Victory",
  "gameOutcomeReason" : "Zero Health",
  "totalTurnCount" : 3,
  "orderOfPlay" : 1,
  "country" : "Unknown",
  "platform" : "Windows"
}, {
  "realmId" : "Unknown",
  "gameMode" : "Constructed",
  "gameType" : "AI",
  "gameId" : "d27663be-5fbb-4716-be2b-eb7835a25e3d",
  "isAI" : false,
  "deckId" : "2d686b93-50cc-40cc-a0b3-dea5a2b47624",
  "faction1" : "Unknown",
  "faction2" : "Unknown",
  "faction3" : "Unknown",
  "gameStartTimeUTC" : null,
  "gameEndTimeUTC" : null,
  "playTimeSeconds" : 128,
  "gameTimeSeconds" : 128,
  "gameOutcome" : "Victory",
  "gameOutcomeReason" : "Zero Health",
  "totalTurnCount" : 2,
  "orderOfPlay" : 1,
  "country" : "Unknown",
  "platform" : "Windows"
}, {
  "realmId" : "Unknown",
  "gameMode" : "Constructed",
  "gameType" : "AI",
  "gameId" : "a7edc08a-eb13-43fc-bd66-34988139cfc4",
  "isAI" : false,
  "deckId" : "663569c9-e9cb-449a-85a9-ea51ea47c208",
  "faction1" : "Unknown",
  "faction2" : "Unknown",
  "faction3" : "Unknown",
  "gameStartTimeUTC" : null,
  "gameEndTimeUTC" : null,
  "playTimeSeconds" : 128,
  "gameTimeSeconds" : 128,
  "gameOutcome" : "Victory",
  "gameOutcomeReason" : "Zero Health",
  "totalTurnCount" : 5,
  "orderOfPlay" : 1,
  "country" : "Unknown",
  "platform" : "Windows"
}, {
  "realmId" : "Unknown",
  "gameMode" : "Constructed",
  "gameType" : "AI",
  "gameId" : "47cdc78e-1c3b-4133-aab4-4e5c5822d594",
  "isAI" : false,
  "deckId" : "d1ee8233-1784-43fd-baee-c91b1c291297",
  "faction1" : "Unknown",
  "faction2" : "Unknown",
  "faction3" : "Unknown",
  "gameStartTimeUTC" : null,
  "gameEndTimeUTC" : null,
  "playTimeSeconds" : 128,
  "gameTimeSeconds" : 128,
  "gameOutcome" : "Victory",
  "gameOutcomeReason" : "Zero Health",
  "totalTurnCount" : 2,
  "orderOfPlay" : 1,
  "country" : "Unknown",
  "platform" : "Windows"
}, {
  "realmId" : "Unknown",
  "gameMode" : "Constructed",
  "gameType" : "AI",
  "gameId" : "47cdc78e-1c3b-4133-aab4-4e5c5822d594",
  "isAI" : false,
  "deckId" : "1ab8565c-c58f-4959-9039-1abf8efe1693",
  "faction1" : "Freljord",
  "faction2" : "Unknown",
  "faction3" : "Unknown",
  "gameStartTimeUTC" : null,
  "gameEndTimeUTC" : null,
  "playTimeSeconds" : 0,
  "gameTimeSeconds" : 0,
  "gameOutcome" : "Victory",
  "gameOutcomeReason" : "Zero Health",
  "totalTurnCount" : 2,
  "orderOfPlay" : 1,
  "country" : "Unknown",
  "platform" : "Windows"
}, {
  "realmId" : "Unknown",
  "gameMode" : "Constructed",
  "gameType" : "AI",
  "gameId" : "47cdc78e-1c3b-4133-aab4-4e5c5822d594",
  "isAI" : false,
  "deckId" : "43bea07f-9e9d-4ef2-bdc8-4c71dfc58258",
  "faction1" : "Unknown",
  "faction2" : "Unknown",
  "faction3" : "Unknown",
  "gameStartTimeUTC" : null,
  "gameEndTimeUTC" : null,
  "playTimeSeconds" : 0,
  "gameTimeSeconds" : 0,
  "gameOutcome" : "Victory",
  "gameOutcomeReason" : "Zero Health",
  "totalTurnCount" : 2,
  "orderOfPlay" : 1,
  "country" : "Unknown",
  "platform" : "Windows"
}, {
  "realmId" : "Unknown",
  "gameMode" : "Tutorial 4a",
  "gameType" : "AI",
  "gameId" : "04104a4d-8610-4922-bf5e-7cf42d5e346b",
  "isAI" : false,
  "deckId" : "fddec558-791b-4515-843b-f17e0ec587e2",
  "faction1" : "Demacia",
  "faction2" : "Unknown",
  "faction3" : "Unknown",
  "gameStartTimeUTC" : null,
  "gameEndTimeUTC" : null,
  "playTimeSeconds" : 256,
  "gameTimeSeconds" : 256,
  "gameOutcome" : "Victory",
  "gameOutcomeReason" : "Zero Health",
  "totalTurnCount" : 14,
  "orderOfPlay" : 1,
  "country" : "Unknown",
  "platform" : "Windows"
}, {
  "realmId" : "Unknown",
  "gameMode" : "Tutorial 3a",
  "gameType" : "AI",
  "gameId" : "d3b3b58a-686b-4924-a4d4-e1fea460f3a6",
  "isAI" : false,
  "deckId" : "9027feb9-4487-405e-85ae-9f3d5d0786de",
  "faction1" : "Noxus",
  "faction2" : "Shadow Isles",
  "faction3" : "Unknown",
  "gameStartTimeUTC" : null,
  "gameEndTimeUTC" : null,
  "playTimeSeconds" : 384,
  "gameTimeSeconds" : 384,
  "gameOutcome" : "Victory",
  "gameOutcomeReason" : "Zero Health",
  "totalTurnCount" : 20,
  "orderOfPlay" : 1,
  "country" : "Unknown",
  "platform" : "Windows"
}, {
  "realmId" : "Unknown",
  "gameMode" : "Tutorial 2b",
  "gameType" : "AI",
  "gameId" : "509ce495-c79c-4511-8757-8c85aaaa8b61",
  "isAI" : false,
  "deckId" : "367deea9-5892-47d6-8298-53f0d8be0bdf",
  "faction1" : "Freljord",
  "faction2" : "Unknown",
  "faction3" : "Unknown",
  "gameStartTimeUTC" : null,
  "gameEndTimeUTC" : null,
  "playTimeSeconds" : 128,
  "gameTimeSeconds" : 128,
  "gameOutcome" : "Victory",
  "gameOutcomeReason" : "Zero Health",
  "totalTurnCount" : 2,
  "orderOfPlay" : 1,
  "country" : "Unknown",
  "platform" : "Windows"
}, {
  "realmId" : "Unknown",
  "gameMode" : "Tutorial 2a",
  "gameType" : "AI",
  "gameId" : "509ce495-c79c-4511-8757-8c85aaaa8b61",
  "isAI" : false,
  "deckId" : "ff76fe9f-9a85-4a35-82c7-e2b799789d0b",
  "faction1" : "Freljord",
  "faction2" : "Unknown",
  "faction3" : "Unknown",
  "gameStartTimeUTC" : null,
  "gameEndTimeUTC" : null,
  "playTimeSeconds" : 0,
  "gameTimeSeconds" : 0,
  "gameOutcome" : "Victory",
  "gameOutcomeReason" : "Zero Health",
  "totalTurnCount" : 3,
  "orderOfPlay" : 1,
  "country" : "Unknown",
  "platform" : "Windows"
}, {
  "realmId" : "Unknown",
  "gameMode" : "Tutorial 1a",
  "gameType" : "AI",
  "gameId" : "ee9a1eec-face-4cd2-9457-6ffcaad0a338",
  "isAI" : false,
  "deckId" : "541a75d6-b399-441b-8f3a-4eaba9fcd955",
  "faction1" : "Demacia",
  "faction2" : "Unknown",
  "faction3" : "Unknown",
  "gameStartTimeUTC" : null,
  "gameEndTimeUTC" : null,
  "playTimeSeconds" : 128,
  "gameTimeSeconds" : 128,
  "gameOutcome" : "Victory",
  "gameOutcomeReason" : "Zero Health",
  "totalTurnCount" : 6,
  "orderOfPlay" : 1,
  "country" : "Unknown",
  "platform" : "Windows"
}, {
  "realmId" : "Unknown",
  "gameMode" : "Constructed",
  "gameType" : "Normal",
  "gameId" : "6065595b-2ca4-41d5-baf8-39e723f56d61",
  "isAI" : false,
  "deckId" : "91fc1467-1120-4be2-8780-c8ad52d6f926",
  "faction1" : "Demacia",
  "faction2" : "Freljord",
  "faction3" : "Unknown",
  "gameStartTimeUTC" : 1571284298000,
  "gameEndTimeUTC" : 1571285189000,
  "playTimeSeconds" : 896,
  "gameTimeSeconds" : 896,
  "gameOutcome" : "Victory",
  "gameOutcomeReason" : "Concession",
  "totalTurnCount" : 36,
  "orderOfPlay" : 1,
  "country" : "Unknown",
  "platform" : "Windows"
}, {
  "realmId" : "Unknown",
  "gameMode" : "Constructed",
  "gameType" : "Normal",
  "gameId" : "94963b2c-aa3e-4928-b749-5634cc1db4aa",
  "isAI" : false,
  "deckId" : "91fc1467-1120-4be2-8780-c8ad52d6f926",
  "faction1" : "Demacia",
  "faction2" : "Freljord",
  "faction3" : "Unknown",
  "gameStartTimeUTC" : 1571278570000,
  "gameEndTimeUTC" : 1571278601000,
  "playTimeSeconds" : 0,
  "gameTimeSeconds" : 0,
  "gameOutcome" : "Defeat",
  "gameOutcomeReason" : "Disconnect",
  "totalTurnCount" : 0,
  "orderOfPlay" : 1,
  "country" : "Unknown",
  "platform" : "Unknown"
}, {
  "realmId" : "Unknown",
  "gameMode" : "Constructed",
  "gameType" : "Normal",
  "gameId" : "ebff743b-2eca-4319-9338-f691811da5b1",
  "isAI" : false,
  "deckId" : "07ba90e1-8db8-4a1c-97d7-6936d142a0c5",
  "faction1" : "Ionia",
  "faction2" : "Piltover",
  "faction3" : "Unknown",
  "gameStartTimeUTC" : 1571277937000,
  "gameEndTimeUTC" : 1571278525000,
  "playTimeSeconds" : 512,
  "gameTimeSeconds" : 512,
  "gameOutcome" : "Defeat",
  "gameOutcomeReason" : "Zero Health",
  "totalTurnCount" : 23,
  "orderOfPlay" : 1,
  "country" : "Unknown",
  "platform" : "Windows"
}, {
  "realmId" : "Unknown",
  "gameMode" : "Tutorial 4a",
  "gameType" : "AI",
  "gameId" : "a731a25f-c434-4900-9875-94bb40399ee4",
  "isAI" : false,
  "deckId" : "fddec558-791b-4515-843b-f17e0ec587e2",
  "faction1" : "Demacia",
  "faction2" : "Unknown",
  "faction3" : "Unknown",
  "gameStartTimeUTC" : 1571277591000,
  "gameEndTimeUTC" : 1571277882000,
  "playTimeSeconds" : 256,
  "gameTimeSeconds" : 256,
  "gameOutcome" : "Victory",
  "gameOutcomeReason" : "Zero Health",
  "totalTurnCount" : 16,
  "orderOfPlay" : 1,
  "country" : "Unknown",
  "platform" : "Windows"
}, {
  "realmId" : "Unknown",
  "gameMode" : "Tutorial 3a",
  "gameType" : "AI",
  "gameId" : "7a816425-e8d2-4f46-ae90-6d169b68c555",
  "isAI" : false,
  "deckId" : "9027feb9-4487-405e-85ae-9f3d5d0786de",
  "faction1" : "Noxus",
  "faction2" : "Shadow Isles",
  "faction3" : "Unknown",
  "gameStartTimeUTC" : 1571276698000,
  "gameEndTimeUTC" : 1571277555000,
  "playTimeSeconds" : 896,
  "gameTimeSeconds" : 896,
  "gameOutcome" : "Victory",
  "gameOutcomeReason" : "Zero Health",
  "totalTurnCount" : 18,
  "orderOfPlay" : 1,
  "country" : "Unknown",
  "platform" : "Windows"
}, {
  "realmId" : "Unknown",
  "gameMode" : "Tutorial 2b",
  "gameType" : "AI",
  "gameId" : "b21b9481-faa0-4225-9dd8-e7b8f4b6f35d",
  "isAI" : false,
  "deckId" : "367deea9-5892-47d6-8298-53f0d8be0bdf",
  "faction1" : "Freljord",
  "faction2" : "Unknown",
  "faction3" : "Unknown",
  "gameStartTimeUTC" : 1571276629000,
  "gameEndTimeUTC" : 1571276669000,
  "playTimeSeconds" : 0,
  "gameTimeSeconds" : 0,
  "gameOutcome" : "Victory",
  "gameOutcomeReason" : "Zero Health",
  "totalTurnCount" : 2,
  "orderOfPlay" : 1,
  "country" : "Unknown",
  "platform" : "Windows"
}, {
  "realmId" : "Unknown",
  "gameMode" : "Tutorial 2a",
  "gameType" : "AI",
  "gameId" : "b21b9481-faa0-4225-9dd8-e7b8f4b6f35d",
  "isAI" : false,
  "deckId" : "ff76fe9f-9a85-4a35-82c7-e2b799789d0b",
  "faction1" : "Freljord",
  "faction2" : "Unknown",
  "faction3" : "Unknown",
  "gameStartTimeUTC" : 1571276567000,
  "gameEndTimeUTC" : 1571276629000,
  "playTimeSeconds" : 128,
  "gameTimeSeconds" : 128,
  "gameOutcome" : "Victory",
  "gameOutcomeReason" : "Zero Health",
  "totalTurnCount" : 3,
  "orderOfPlay" : 1,
  "country" : "Unknown",
  "platform" : "Windows"
}, {
  "realmId" : "Unknown",
  "gameMode" : "Tutorial 1a",
  "gameType" : "AI",
  "gameId" : "05db9340-66e8-4a59-a75a-836c0c8bf9ec",
  "isAI" : false,
  "deckId" : "541a75d6-b399-441b-8f3a-4eaba9fcd955",
  "faction1" : "Demacia",
  "faction2" : "Unknown",
  "faction3" : "Unknown",
  "gameStartTimeUTC" : 1571276424000,
  "gameEndTimeUTC" : 1571276535000,
  "playTimeSeconds" : 128,
  "gameTimeSeconds" : 128,
  "gameOutcome" : "Victory",
  "gameOutcomeReason" : "Zero Health",
  "totalTurnCount" : 6,
  "orderOfPlay" : 1,
  "country" : "Unknown",
  "platform" : "Windows"
} ]