{
  "ticketId" : 33577293,
  "status" : "closed",
  "subject" : "Chat with boost me",
  "createDate" : 1517545177000,
  "comments" : [ {
    "author" : "System",
    "comment" : "Chat started: 2018-02-02 04:19 AM UTC\n\n(04:19:21 AM) boost me: I am just 70 RP short for my favorite skin on my favorite champion: Beekeeper Singed. I don't know if you guys still do this but I wanted to submit a piece of art I've worked on. I've just spent like 2 hours on this. It may not be much, but it may be worth 70 RP. (I didn't know what department to choose for this).\n\nThank you for your time and good luck on the rift.\n(04:19:33 AM) *** SelfAwareNPC joined the chat ***\n(04:19:36 AM) SelfAwareNPC: hello there\n(04:19:40 AM) boost me: Greetings!\n(04:19:47 AM) SelfAwareNPC: Ooh, I'd love to see your art!\n(04:20:07 AM) boost me: Visitor uploaded: mysinged.png\nURL: https://v2uploads.zopim.io/3/j/U/3jUIGKXKmjfhwU4bNVnsKWZ116CnbWUf/1077d8b3009a248b63771cac2b34cd2d78224c6e.png\nType: image/png\nSize: 1391209\nThumb: https://v2uploads.zopim.io/3/j/U/3jUIGKXKmjfhwU4bNVnsKWZ116CnbWUf/1077d8b3009a248b63771cac2b34cd2d78224c6e.png.thumb.jpg\n(04:20:10 AM) boost me: Visitor uploaded: mysingedoveroriginal.png\nURL: https://v2uploads.zopim.io/3/j/U/3jUIGKXKmjfhwU4bNVnsKWZ116CnbWUf/f42bdc641497755007f9f72ec1004ad010e482fd.png\nType: image/png\nSize: 1988278\nThumb: https://v2uploads.zopim.io/3/j/U/3jUIGKXKmjfhwU4bNVnsKWZ116CnbWUf/f42bdc641497755007f9f72ec1004ad010e482fd.png.thumb.jpg\n(04:20:12 AM) SelfAwareNPC: oh boy oh boy\n(04:20:40 AM) boost me: Do you love singed?\n(04:20:42 AM) boost me: I love singed.\n(04:20:51 AM) SelfAwareNPC: oh honey\n(04:20:57 AM) SelfAwareNPC: this looks so rad\n(04:20:59 AM) SelfAwareNPC: nice work!\n(04:21:09 AM) boost me: you're making me blush.\n(04:21:13 AM) boost me: thank you though.\n(04:21:15 AM) SelfAwareNPC: I would love Singed if I wasn't so bad at playing him.\n(04:21:29 AM) boost me: who do you play instead\n(04:21:34 AM) SelfAwareNPC: Braum\n(04:21:57 AM) boost me: He's good right now!\n(04:21:57 AM) SelfAwareNPC: I get killed by Singed a lot though, so I can appreciate the champ lol\n(04:22:05 AM) boost me: The hear is the strongest muscle.\n(04:22:06 AM) boost me: heart*\n(04:22:17 AM) SelfAwareNPC: Ooh, poetic. The beekeeper skin is my fav too.\n(04:22:35 AM) SelfAwareNPC: I'm loading up your account to get the RP for you--this part will take just a moment\n(04:22:52 AM) boost me: I feel blessed.\n(04:23:25 AM) SelfAwareNPC: Well, let's keep that feeling going. Here, watch some puppies while I hook up your account:\nhttps://www.youtube.com/watch?v=BH5FnM_dVvE\n(04:23:55 AM) boost me: I feel like working at Riot is the equivalent of watching that stream.\n(04:24:45 AM) SelfAwareNPC: I like it, but sometimes we do have to clean up after the puppy's potty training accidents if you know what I mean.\n(04:24:54 AM) SelfAwareNPC: Either way, the rp is now on the account :D\n(04:24:59 AM) boost me: yikes\n(04:25:05 AM) SelfAwareNPC: you may have to restart it for the points total to update though.\n(04:25:06 AM) boost me: Thank you very much good sir/lady.\n(04:25:37 AM) boost me: Visitor uploaded: 209f9b56322c3e6665b1f3da4f0fb586.png\nURL: https://v2uploads.zopim.io/3/j/U/3jUIGKXKmjfhwU4bNVnsKWZ116CnbWUf/fa7494be4b5c1de43562f7ff988fc3cacd147579.png\nType: image/png\nSize: 436406\nThumb: https://v2uploads.zopim.io/3/j/U/3jUIGKXKmjfhwU4bNVnsKWZ116CnbWUf/fa7494be4b5c1de43562f7ff988fc3cacd147579.png.thumb.jpg\n(04:25:51 AM) boost me: Have a great night/rest of your shift.\n(04:26:06 AM) SelfAwareNPC: You too :D",
    "commentDate" : 1517545648000
  } ]
}