[ {
  "id" : 117423028,
  "created" : 1577423503000,
  "storeAccountId" : 24962049,
  "userIp" : "69.118.96.11",
  "transactionId" : "NA1-4eb39916-2d5f-4a5e-ae24-d4b336fb18b7",
  "transactionNumber" : "LN9SHRSFWEPJ",
  "currencyType" : "USD",
  "paymentType" : "incomm",
  "amount" : 25.0,
  "success" : true,
  "imported" : false
}, {
  "id" : 117307829,
  "created" : 1577253116000,
  "storeAccountId" : 24962049,
  "userIp" : "68.192.100.15",
  "transactionId" : "NA1-8d284149-26c1-486d-9b45-adf98d0a5007",
  "transactionNumber" : "LN9LL34MD7GN",
  "currencyType" : "USD",
  "paymentType" : "payon",
  "amount" : 20.0,
  "success" : true,
  "imported" : false
}, {
  "id" : 117307710,
  "created" : 1577252962000,
  "storeAccountId" : 24962049,
  "userIp" : "68.192.100.15",
  "transactionId" : "NA1-a19bf3fa-638a-4fc9-86c2-4662ff51378b",
  "transactionNumber" : "LN99U50XWCWD",
  "currencyType" : "USD",
  "paymentType" : "payon",
  "amount" : 20.0,
  "success" : true,
  "imported" : false
}, {
  "id" : 117307637,
  "created" : 1577252881000,
  "storeAccountId" : 24962049,
  "userIp" : "68.192.100.15",
  "transactionId" : "NA1-2f2f81a3-0581-4447-997a-6e8d5c7e22c7",
  "transactionNumber" : "LN9XGYHX6AA3",
  "currencyType" : "USD",
  "paymentType" : "payon",
  "amount" : 20.0,
  "success" : true,
  "imported" : false
}, {
  "id" : 117307603,
  "created" : 1577252845000,
  "storeAccountId" : 24962049,
  "userIp" : "68.192.100.15",
  "transactionId" : "NA1-514bd02b-2fe2-411e-b6e6-bdbe8e1e2b95",
  "transactionNumber" : "LN947HCSSZ38",
  "currencyType" : "USD",
  "paymentType" : "payon",
  "amount" : 20.0,
  "success" : true,
  "imported" : false
}, {
  "id" : 117212675,
  "created" : 1577036378000,
  "storeAccountId" : 24962049,
  "userIp" : "68.192.100.15",
  "transactionId" : "NA1-f56eb369-4baa-4742-bb57-ff6b059b6de4",
  "transactionNumber" : "LN9QY761VAP2",
  "currencyType" : "USD",
  "paymentType" : "payon",
  "amount" : 10.0,
  "success" : true,
  "imported" : false
}, {
  "id" : 115025779,
  "created" : 1571606427000,
  "storeAccountId" : 24962049,
  "userIp" : "68.192.100.15",
  "transactionId" : "NA1-28d1698d-f57a-4c32-a54b-6c948ba41cc9",
  "transactionNumber" : "LN9EJCRGWW4K",
  "currencyType" : "USD",
  "paymentType" : "payon",
  "amount" : 5.0,
  "success" : true,
  "imported" : false
}, {
  "id" : 115025767,
  "created" : 1571606401000,
  "storeAccountId" : 24962049,
  "userIp" : "68.192.100.15",
  "transactionId" : "NA1-ad3e4699-45da-4898-b8ab-7d7341f77fba",
  "transactionNumber" : "LN9F3HA8R6YR",
  "currencyType" : "USD",
  "paymentType" : "payon",
  "amount" : 10.0,
  "success" : true,
  "imported" : false
}, {
  "id" : 114784570,
  "created" : 1571272333000,
  "storeAccountId" : 24962049,
  "userIp" : "69.118.96.11",
  "transactionId" : "NA1-6f4659e4-be85-4aa6-8ddb-512662d07a69",
  "transactionNumber" : "LN9FWDA44CVS",
  "currencyType" : "USD",
  "paymentType" : "payon",
  "amount" : 20.0,
  "success" : true,
  "imported" : false
}, {
  "id" : 114783440,
  "created" : 1571271982000,
  "storeAccountId" : 24962049,
  "userIp" : "69.118.96.11",
  "transactionId" : "NA1-009c1295-3cce-46c9-99e1-631213ec8fbe",
  "transactionNumber" : "LN9GR3SPY3JS",
  "currencyType" : "USD",
  "paymentType" : "payon",
  "amount" : 5.0,
  "success" : true,
  "imported" : false
}, {
  "id" : 114780169,
  "created" : 1571270950000,
  "storeAccountId" : 24962049,
  "userIp" : "69.118.96.11",
  "transactionId" : "NA1-ccde24ed-12d7-4d39-bf79-f5a3b66cf038",
  "transactionNumber" : "LN9J2L9A3U7G",
  "currencyType" : "USD",
  "paymentType" : "payon",
  "amount" : 20.0,
  "success" : true,
  "imported" : false
}, {
  "id" : 114779983,
  "created" : 1571270893000,
  "storeAccountId" : 24962049,
  "userIp" : "69.118.96.11",
  "transactionId" : "NA1-961b20b7-ea04-4a22-867d-d8634ab4f8d7",
  "transactionNumber" : "LN9MU6EV72SM",
  "currencyType" : "USD",
  "paymentType" : "payon",
  "amount" : 20.0,
  "success" : true,
  "imported" : false
}, {
  "id" : 110997779,
  "created" : 1561595626000,
  "storeAccountId" : 24962049,
  "userIp" : "69.118.81.122",
  "transactionId" : "NA1-42ca0c74-a66a-46f6-bee0-898ee086922b",
  "transactionNumber" : "LN9ZWT3WK142",
  "currencyType" : "USD",
  "paymentType" : "payon",
  "amount" : 5.0,
  "success" : true,
  "imported" : false
}, {
  "id" : 102199281,
  "created" : 1534617172000,
  "storeAccountId" : 24962049,
  "userIp" : "69.118.81.122",
  "transactionId" : "NA1-0e0e5e11-3458-4229-b366-744cdfc0842b",
  "transactionNumber" : "LN897VKUXX17",
  "currencyType" : "USD",
  "paymentType" : "payon",
  "amount" : 10.0,
  "success" : true,
  "imported" : false
}, {
  "id" : 100765403,
  "created" : 1528676565000,
  "storeAccountId" : 24962049,
  "userIp" : "69.118.80.74",
  "transactionId" : "NA1-667e3e2d-dc04-4772-b666-c86d65651d52",
  "transactionNumber" : "LN8A305MUSN1",
  "currencyType" : "USD",
  "paymentType" : "payon",
  "amount" : 10.0,
  "success" : true,
  "imported" : false
}, {
  "id" : 99023290,
  "created" : 1522550233000,
  "storeAccountId" : 24962049,
  "userIp" : "137.140.134.234",
  "transactionId" : "NA1-d59afa9b-81ff-41eb-ad64-5f43dafdc1c7",
  "transactionNumber" : "LN8A5YZ06SYV",
  "currencyType" : "USD",
  "paymentType" : "PayonCreditCard",
  "amount" : 20.0,
  "success" : true,
  "imported" : false
}, {
  "id" : 97728527,
  "created" : 1518680632000,
  "storeAccountId" : 24962049,
  "userIp" : "137.140.129.56",
  "transactionId" : "NA1-ab9c7925-435d-4d05-8431-34e9c20edf7d",
  "transactionNumber" : "LN8RZG02325S",
  "currencyType" : "USD",
  "paymentType" : "PayonCreditCard",
  "amount" : 10.0,
  "success" : true,
  "imported" : false
}, {
  "id" : 91990998,
  "created" : 1503022354000,
  "storeAccountId" : 24962049,
  "userIp" : "67.84.2.109",
  "transactionId" : "NA1-efc7fb9f-5c30-444d-bf23-90a6ca9ca533",
  "transactionNumber" : "LN7MDSD852UN",
  "currencyType" : "USD",
  "paymentType" : "PayonCreditCard",
  "amount" : 10.0,
  "success" : true,
  "imported" : false
}, {
  "id" : 91539210,
  "created" : 1501777936000,
  "storeAccountId" : 24962049,
  "userIp" : "67.84.2.109",
  "transactionId" : "NA1-9454548e-763f-4ba0-930f-71e002cc923f",
  "transactionNumber" : "LN7HLZF8EJ85",
  "currencyType" : "USD",
  "paymentType" : "PayonCreditCard",
  "amount" : 10.0,
  "success" : true,
  "imported" : false
}, {
  "id" : 90100005,
  "created" : 1497384993000,
  "storeAccountId" : 24962049,
  "userIp" : "67.84.2.109",
  "transactionId" : "NA1-44ced034-620a-408e-b267-af2642c41bf1",
  "transactionNumber" : "LN7T7ELRL9PY",
  "currencyType" : "USD",
  "paymentType" : "PayonCreditCard",
  "amount" : 10.0,
  "success" : true,
  "imported" : false
}, {
  "id" : 89393434,
  "created" : 1495264966000,
  "storeAccountId" : 24962049,
  "userIp" : "67.84.2.109",
  "transactionId" : "NA1-82a61d4a-010f-477e-b417-c069a2be9e6c",
  "transactionNumber" : "LN759JYSM8UR",
  "currencyType" : "USD",
  "paymentType" : "PayonCreditCard",
  "amount" : 10.0,
  "success" : true,
  "imported" : false
}, {
  "id" : 85986625,
  "created" : 1485632417000,
  "storeAccountId" : 24962049,
  "userIp" : "137.140.129.30",
  "transactionId" : "NA1-817eaf33-3ae9-4c99-927a-69aeb9b4c683",
  "transactionNumber" : "LN75T4ED5PLJ",
  "currencyType" : "USD",
  "paymentType" : "PayonCreditCard",
  "amount" : 10.0,
  "success" : true,
  "imported" : false
}, {
  "id" : 83467842,
  "created" : 1479666443000,
  "storeAccountId" : 24962049,
  "userIp" : "137.140.126.121",
  "transactionId" : "NA1-ea06cf11-60bd-42f3-a34a-a9932939ca4f",
  "transactionNumber" : "LN6RQM3GPTPW",
  "currencyType" : "USD",
  "paymentType" : "PayonCreditCard",
  "amount" : 20.0,
  "success" : true,
  "imported" : false
}, {
  "id" : 82772664,
  "created" : 1477629627000,
  "storeAccountId" : 24962049,
  "userIp" : "137.140.135.15",
  "transactionId" : "NA1-2e8a274e-7f4b-486e-874c-f18bf38b6b99",
  "transactionNumber" : "LN62VF3G2YZ7",
  "currencyType" : "USD",
  "paymentType" : "PayonCreditCard",
  "amount" : 10.0,
  "success" : true,
  "imported" : false
}, {
  "id" : 81888255,
  "created" : 1475984978000,
  "storeAccountId" : 24962049,
  "userIp" : "67.84.2.109",
  "transactionId" : "NA1-6a70c6f1-47df-4311-97e3-841f24744f53",
  "transactionNumber" : "LN688GQ2GJA5",
  "currencyType" : "USD",
  "paymentType" : "InComm",
  "amount" : 25.0,
  "success" : true,
  "imported" : false
}, {
  "id" : 81853770,
  "created" : 1475951581000,
  "storeAccountId" : 24962049,
  "userIp" : "67.84.2.109",
  "transactionId" : "NA1-942af175-0bee-4222-aa07-f039ede1c7da",
  "transactionNumber" : "LN6DZ1KGEKE7",
  "currencyType" : "USD",
  "paymentType" : "PayonCreditCard",
  "amount" : 10.0,
  "success" : true,
  "imported" : false
}, {
  "id" : 81673850,
  "created" : 1475796422000,
  "storeAccountId" : 24962049,
  "userIp" : "137.140.128.249",
  "transactionId" : "NA1-4d95ae3e-6f23-4108-bdcc-59e5626a43ee",
  "transactionNumber" : "LN6CPCUW2UGT",
  "currencyType" : "USD",
  "paymentType" : "PayonCreditCard",
  "amount" : 20.0,
  "success" : true,
  "imported" : false
}, {
  "id" : 81379684,
  "created" : 1475257097000,
  "storeAccountId" : 24962049,
  "userIp" : "137.140.128.249",
  "transactionId" : "NA1-a8cde601-64e8-45b7-b5e5-802f42583b44",
  "transactionNumber" : "LN613M086NYV",
  "currencyType" : "USD",
  "paymentType" : "PayonCreditCard",
  "amount" : 10.0,
  "success" : true,
  "imported" : false
}, {
  "id" : 81205243,
  "created" : 1474950499000,
  "storeAccountId" : 24962049,
  "userIp" : "137.140.128.249",
  "transactionId" : "NA1-ec839225-ab1e-4c2a-a7e4-e2bf0732ce71",
  "transactionNumber" : "LN6WESRYCLYF",
  "currencyType" : "USD",
  "paymentType" : "PayonCreditCard",
  "amount" : 10.0,
  "success" : true,
  "imported" : false
}, {
  "id" : 81201841,
  "created" : 1474948653000,
  "storeAccountId" : 24962049,
  "userIp" : "137.140.128.249",
  "transactionId" : "NA1-6f17a4d7-cabb-4ec5-9ec6-d2cd5ef33f61",
  "transactionNumber" : "LN6BW2HCZWBE",
  "currencyType" : "USD",
  "paymentType" : "PayonCreditCard",
  "amount" : 10.0,
  "success" : true,
  "imported" : false
}, {
  "id" : 80597711,
  "created" : 1473289840000,
  "storeAccountId" : 24962049,
  "userIp" : "137.140.128.249",
  "transactionId" : "NA1-853799f0-c41f-44ef-a986-b36de3e897fe",
  "transactionNumber" : "LN61UKMBUV34",
  "currencyType" : "USD",
  "paymentType" : "PayonCreditCard",
  "amount" : 10.0,
  "success" : true,
  "imported" : false
}, {
  "id" : 80567334,
  "created" : 1473184483000,
  "storeAccountId" : 24962049,
  "userIp" : "137.140.128.249",
  "transactionId" : "NA1-380cad2c-4fb9-437e-9625-5968dd2468b0",
  "transactionNumber" : "LN6J29BE3QHT",
  "currencyType" : "USD",
  "paymentType" : "PayonCreditCard",
  "amount" : 5.0,
  "success" : true,
  "imported" : false
}, {
  "id" : 72515099,
  "created" : 1455333690000,
  "storeAccountId" : 24962049,
  "userIp" : "137.140.128.204",
  "transactionId" : "NA1-dff80269-d200-11e5-bfd7-c61c39c94708",
  "transactionNumber" : "8a83948552d5389c0152d8a5c3b0193c",
  "currencyType" : "USD",
  "paymentType" : "PayonCreditCard",
  "amount" : 5.0,
  "success" : true,
  "imported" : false
}, {
  "id" : 72514814,
  "created" : 1455333343000,
  "storeAccountId" : 24962049,
  "userIp" : "137.140.128.204",
  "transactionId" : "NA1-117012a4-d200-11e5-bfd7-c61c39c94708",
  "transactionNumber" : "8a83948752d5389c0152d8a07a610cb6",
  "currencyType" : "USD",
  "paymentType" : "PayonCreditCard",
  "amount" : 10.0,
  "success" : true,
  "imported" : false
}, {
  "id" : 72153476,
  "created" : 1454556605000,
  "storeAccountId" : 24962049,
  "userIp" : "137.140.128.204",
  "transactionId" : "NA1-953e8e45-caef-11e5-bfd7-c61c39c94708",
  "transactionNumber" : "8a83948252a656f80152aa54664b2638",
  "currencyType" : "USD",
  "paymentType" : "PayonCreditCard",
  "amount" : 20.0,
  "success" : true,
  "imported" : false
}, {
  "id" : 71455275,
  "created" : 1453498023000,
  "storeAccountId" : 24962049,
  "userIp" : "137.140.134.29",
  "transactionId" : "NA1-e11c3f12-c14e-11e5-bfd7-c61c39c94708",
  "transactionNumber" : "8a839481525eaffb01526b3bb4b166cb",
  "currencyType" : "USD",
  "paymentType" : "PayonCreditCard",
  "amount" : 20.0,
  "success" : true,
  "imported" : false
}, {
  "id" : 71343289,
  "created" : 1453178202000,
  "storeAccountId" : 24962049,
  "userIp" : "137.140.134.29",
  "transactionId" : "NA1-3ccf37b8-be66-11e5-bfd7-c61c39c94708",
  "transactionNumber" : "8a839485524059de0152582ba0191557",
  "currencyType" : "USD",
  "paymentType" : "PayonCreditCard",
  "amount" : 5.0,
  "success" : true,
  "imported" : false
}, {
  "id" : 70895980,
  "created" : 1452054711000,
  "storeAccountId" : 24962049,
  "userIp" : "67.84.2.109",
  "transactionId" : "NA1-684f6345-b42e-11e5-bfd7-c61c39c94708",
  "transactionNumber" : "8a83948251f1f0d80152153487db4bdb",
  "currencyType" : "USD",
  "paymentType" : "PayonCreditCard",
  "amount" : 5.0,
  "success" : true,
  "imported" : false
}, {
  "id" : 67576415,
  "created" : 1446222425000,
  "storeAccountId" : 24962049,
  "userIp" : "137.140.196.164",
  "transactionId" : "NA1-0ec24f16-7f23-11e5-bfd7-c61c39c94708",
  "transactionNumber" : "8a83948750a89c0b0150b992e6222e8f",
  "currencyType" : "USD",
  "paymentType" : "PayonCreditCard",
  "amount" : 10.0,
  "success" : true,
  "imported" : false
}, {
  "id" : 67541632,
  "created" : 1446090693000,
  "storeAccountId" : 24962049,
  "userIp" : "137.140.196.164",
  "transactionId" : "NA1-587f6f7c-7df0-11e5-bfd7-c61c39c94708",
  "transactionNumber" : "8a83948250a89f280150b1b8d21635cf",
  "currencyType" : "USD",
  "paymentType" : "PayonCreditCard",
  "amount" : 5.0,
  "success" : true,
  "imported" : false
}, {
  "id" : 63767351,
  "created" : 1438923145000,
  "storeAccountId" : 24962049,
  "userIp" : "67.84.2.109",
  "transactionId" : "NA1-18fe4275-3cc0-11e5-bfd7-c61c39c94708",
  "transactionNumber" : "8a8394874f032656014f0680baac3803",
  "currencyType" : "USD",
  "paymentType" : "PayonCreditCard",
  "amount" : 20.0,
  "success" : true,
  "imported" : false
}, {
  "id" : 63394108,
  "created" : 1438058076000,
  "storeAccountId" : 24962049,
  "userIp" : "67.84.2.109",
  "transactionId" : "NA1-f3cc1675-34e1-11e5-bfd7-c61c39c94708",
  "transactionNumber" : "106813052",
  "currencyType" : "USD",
  "paymentType" : "Incomm",
  "amount" : 25.0,
  "success" : true,
  "imported" : false
}, {
  "id" : 62759728,
  "created" : 1436501438000,
  "storeAccountId" : 24962049,
  "userIp" : "67.84.2.109",
  "transactionId" : "NA1-9f4fd58c-26b9-11e5-bfd7-c61c39c94708",
  "transactionNumber" : "8a8394854e7199d0014e7628697b21d3",
  "currencyType" : "USD",
  "paymentType" : "PayonCreditCard",
  "amount" : 20.0,
  "success" : true,
  "imported" : false
}, {
  "id" : 62606652,
  "created" : 1436150811000,
  "storeAccountId" : 24962049,
  "userIp" : "67.84.2.109",
  "transactionId" : "NA1-40e89a52-2389-11e5-bfd7-c61c39c94708",
  "transactionNumber" : "105680754",
  "currencyType" : "USD",
  "paymentType" : "Incomm",
  "amount" : 25.0,
  "success" : true,
  "imported" : false
}, {
  "id" : 62356258,
  "created" : 1435558133000,
  "storeAccountId" : 24962049,
  "userIp" : "67.84.2.109",
  "transactionId" : "NA1-51c69c08-1e25-11e5-bfd7-c61c39c94708",
  "transactionNumber" : "8a8394814e20b99e014e3deeb0623d91",
  "currencyType" : "USD",
  "paymentType" : "PayonCreditCard",
  "amount" : 5.0,
  "success" : true,
  "imported" : false
}, {
  "id" : 62222852,
  "created" : 1435346174000,
  "storeAccountId" : 24962049,
  "userIp" : "67.84.2.109",
  "transactionId" : "NA1-d02a59e0-1c37-11e5-bfd7-c61c39c94708",
  "transactionNumber" : "8a8394874e20b9a5014e314c685a3e80",
  "currencyType" : "USD",
  "paymentType" : "PayonCreditCard",
  "amount" : 10.0,
  "success" : true,
  "imported" : false
}, {
  "id" : 61939722,
  "created" : 1434681895000,
  "storeAccountId" : 24962049,
  "userIp" : "67.84.2.109",
  "transactionId" : "NA1-2aaa0072-162d-11e5-bfd7-c61c39c94708",
  "transactionNumber" : "8a8394864ddc8139014e09b458270bee",
  "currencyType" : "USD",
  "paymentType" : "PayonCreditCard",
  "amount" : 20.0,
  "success" : true,
  "imported" : false
}, {
  "id" : 59093539,
  "created" : 1428429414000,
  "storeAccountId" : 24962049,
  "userIp" : "67.84.5.251",
  "transactionId" : "NA1-7a150ecf-dd4f-11e4-bfd7-c61c39c94708",
  "transactionNumber" : "8a8394864c6ca7f2014c95070df93d8d",
  "currencyType" : "USD",
  "paymentType" : "PayonCreditCard",
  "amount" : 5.0,
  "success" : true,
  "imported" : false
}, {
  "id" : 59037914,
  "created" : 1428280824000,
  "storeAccountId" : 24962049,
  "userIp" : "67.84.5.251",
  "transactionId" : "NA1-8350d767-dbf5-11e4-bfd7-c61c39c94708",
  "transactionNumber" : "8a8394824c6ca7ee014c8c2bbff521f9",
  "currencyType" : "USD",
  "paymentType" : "PayonCreditCard",
  "amount" : 20.0,
  "success" : true,
  "imported" : false
}, {
  "id" : 58900337,
  "created" : 1428026643000,
  "storeAccountId" : 24962049,
  "userIp" : "67.84.5.251",
  "transactionId" : "NA1-b3ad1357-d9a5-11e4-bfd7-c61c39c94708",
  "transactionNumber" : "8a8394834c6ca62c014c7d0542e365b6",
  "currencyType" : "USD",
  "paymentType" : "PayonCreditCard",
  "amount" : 5.0,
  "success" : true,
  "imported" : false
}, {
  "id" : 58750542,
  "created" : 1427850126000,
  "storeAccountId" : 24962049,
  "userIp" : "67.84.5.251",
  "transactionId" : "NA1-b70d5a51-d80a-11e4-bfd7-c61c39c94708",
  "transactionNumber" : "8a8394824c6ca7ee014c727fd2496df5",
  "currencyType" : "USD",
  "paymentType" : "PayonCreditCard",
  "amount" : 20.0,
  "success" : true,
  "imported" : false
}, {
  "id" : 58749000,
  "created" : 1427847729000,
  "storeAccountId" : 24962049,
  "userIp" : "67.84.5.251",
  "transactionId" : "NA1-2288db6d-d805-11e4-bfd7-c61c39c94708",
  "transactionNumber" : "8a8394844c6ca7f3014c725b3e843984",
  "currencyType" : "USD",
  "paymentType" : "PayonCreditCard",
  "amount" : 5.0,
  "success" : true,
  "imported" : false
}, {
  "id" : 58587199,
  "created" : 1427420479000,
  "storeAccountId" : 24962049,
  "userIp" : "67.84.5.251",
  "transactionId" : "NA1-5ddbdf5b-d422-11e4-bfd7-c61c39c94708",
  "transactionNumber" : "8a8394844c3196b4014c58e3e45c1e97",
  "currencyType" : "USD",
  "paymentType" : "PayonCreditCard",
  "amount" : 20.0,
  "success" : true,
  "imported" : false
}, {
  "id" : 57980916,
  "created" : 1426278999000,
  "storeAccountId" : 24962049,
  "userIp" : "67.84.5.251",
  "transactionId" : "NA1-a6e13fd6-c9c0-11e4-9378-ab8bb7f49f42",
  "transactionNumber" : "8a8394854c0d02e6014c14da54c130da",
  "currencyType" : "USD",
  "paymentType" : "PayonCreditCard",
  "amount" : 20.0,
  "success" : true,
  "imported" : false
}, {
  "id" : 57945652,
  "created" : 1426210961000,
  "storeAccountId" : 24962049,
  "userIp" : "67.84.5.251",
  "transactionId" : "NA1-3cf9bb8c-c922-11e4-9378-ab8bb7f49f42",
  "transactionNumber" : "8a8394824c0d5830014c10cc27ec0483",
  "currencyType" : "USD",
  "paymentType" : "PayonCreditCard",
  "amount" : 10.0,
  "success" : true,
  "imported" : false
}, {
  "id" : 57552326,
  "created" : 1425261213000,
  "storeAccountId" : 24962049,
  "userIp" : "67.84.5.251",
  "transactionId" : "NA1-ef2038c4-c07e-11e4-9378-ab8bb7f49f42",
  "transactionNumber" : "8a8394814ba2cdd9014bd8301c71459e",
  "currencyType" : "USD",
  "paymentType" : "PayonCreditCard",
  "amount" : 35.0,
  "success" : true,
  "imported" : false
}, {
  "id" : 56793602,
  "created" : 1424061234000,
  "storeAccountId" : 24962049,
  "userIp" : "67.84.5.251",
  "transactionId" : "NA1-03af9b9a-b595-11e4-9378-ab8bb7f49f42",
  "transactionNumber" : "8a8394844b77f6c4014b90a9ea8b5b7f",
  "currencyType" : "USD",
  "paymentType" : "PayonCreditCard",
  "amount" : 20.0,
  "success" : true,
  "imported" : false
}, {
  "id" : 56117041,
  "created" : 1422917728000,
  "storeAccountId" : 24962049,
  "userIp" : "67.84.5.251",
  "transactionId" : "NA1-95362eff-ab2e-11e4-9378-ab8bb7f49f42",
  "transactionNumber" : "8a8394854b4ac69f014b4c8168cd1875",
  "currencyType" : "USD",
  "paymentType" : "PayonCreditCard",
  "amount" : 20.0,
  "success" : true,
  "imported" : false
}, {
  "id" : 54719045,
  "created" : 1420061522000,
  "storeAccountId" : 24962049,
  "userIp" : "67.84.5.251",
  "transactionId" : "NA1-75c3652e-9134-11e4-973e-ab8bb7f49f42",
  "transactionNumber" : "8a8394884a7a3bb8014aa243190b5461",
  "currencyType" : "USD",
  "paymentType" : "PayonCreditCard",
  "amount" : 20.0,
  "success" : true,
  "imported" : false
}, {
  "id" : 54042227,
  "created" : 1419106643000,
  "storeAccountId" : 24962049,
  "userIp" : "67.84.5.251",
  "transactionId" : "NA1-35668abb-8885-11e4-973e-ab8bb7f49f42",
  "transactionNumber" : "8a8394864a587f0f014a6958da8d4a08",
  "currencyType" : "USD",
  "paymentType" : "PayonCreditCard",
  "amount" : 20.0,
  "success" : true,
  "imported" : false
}, {
  "id" : 53099673,
  "created" : 1417375489000,
  "storeAccountId" : 24962049,
  "userIp" : "67.84.5.251",
  "transactionId" : "NA1-8ce9f731-78c6-11e4-973e-ab8bb7f49f42",
  "transactionNumber" : "8a83948449eb5229014a0229888a3d49",
  "currencyType" : "USD",
  "paymentType" : "PayonCreditCard",
  "amount" : 20.0,
  "success" : true,
  "imported" : false
}, {
  "id" : 52703465,
  "created" : 1416679607000,
  "storeAccountId" : 24962049,
  "userIp" : "67.84.5.251",
  "transactionId" : "NA1-5345a1d5-7272-11e4-973e-ab8bb7f49f42",
  "transactionNumber" : "7784911503",
  "currencyType" : "USD",
  "paymentType" : "Incomm",
  "amount" : 25.0,
  "success" : true,
  "imported" : false
}, {
  "id" : 50909962,
  "created" : 1413223332000,
  "storeAccountId" : 24962049,
  "userIp" : "67.84.5.251",
  "transactionId" : "NA1-bb0df570-533d-11e4-8b70-001b219ae260",
  "transactionNumber" : "8a83948748f4314601490c2d2afd2bfb",
  "currencyType" : "USD",
  "paymentType" : "PayonCreditCard",
  "amount" : 20.0,
  "success" : true,
  "imported" : false
}, {
  "id" : 50200108,
  "created" : 1411830721000,
  "storeAccountId" : 24962049,
  "userIp" : "67.84.5.251",
  "transactionId" : "NA1-4e284be2-4693-11e4-8b70-001b219ae260",
  "transactionNumber" : "8a8394844882dc6e0148b92b9f006525",
  "currencyType" : "USD",
  "paymentType" : "PayonCreditCard",
  "amount" : 20.0,
  "success" : true,
  "imported" : false
}, {
  "id" : 49961101,
  "created" : 1411630653000,
  "storeAccountId" : 24962049,
  "userIp" : "67.84.5.251",
  "transactionId" : "NA1-7c2f179c-44c1-11e4-8b70-001b219ae260",
  "transactionNumber" : "8a8394874882db060148ad3ecec144c0",
  "currencyType" : "USD",
  "paymentType" : "PayonCreditCard",
  "amount" : 20.0,
  "success" : true,
  "imported" : false
}, {
  "id" : 49182399,
  "created" : 1410180431000,
  "storeAccountId" : 24962049,
  "userIp" : "67.84.5.251",
  "transactionId" : "NA1-ecd474bc-3790-11e4-8b70-001b219ae260",
  "transactionNumber" : "8a83948347ced15a014856ce26320ea8",
  "currencyType" : "USD",
  "paymentType" : "PayonCreditCard",
  "amount" : 20.0,
  "success" : true,
  "imported" : false
}, {
  "id" : 48879330,
  "created" : 1409678239000,
  "storeAccountId" : 24962049,
  "userIp" : "67.84.5.251",
  "transactionId" : "NA1-aac0dc04-32ff-11e4-8b70-001b219ae260",
  "transactionNumber" : "8a83948147ced158014838df53062f8d",
  "currencyType" : "USD",
  "paymentType" : "PayonCreditCard",
  "amount" : 5.0,
  "success" : true,
  "imported" : false
}, {
  "id" : 48871973,
  "created" : 1409672467000,
  "storeAccountId" : 24962049,
  "userIp" : "67.84.5.251",
  "transactionId" : "NA1-3ac06aee-32f2-11e4-8b70-001b219ae260",
  "transactionNumber" : "8a83948747ced15d0148388743d82381",
  "currencyType" : "USD",
  "paymentType" : "PayonCreditCard",
  "amount" : 5.0,
  "success" : true,
  "imported" : false
}, {
  "id" : 48647141,
  "created" : 1409428170000,
  "storeAccountId" : 24962049,
  "userIp" : "67.84.5.251",
  "transactionId" : "NA1-6e03fc9e-30b9-11e4-8b70-001b219ae260",
  "transactionNumber" : "8a83948747ced15d014829f79a2407f9",
  "currencyType" : "USD",
  "paymentType" : "PayonCreditCard",
  "amount" : 20.0,
  "success" : true,
  "imported" : false
}, {
  "id" : 48350882,
  "created" : 1409126983000,
  "storeAccountId" : 24962049,
  "userIp" : "67.84.5.251",
  "transactionId" : "NA1-2ce4979c-2dfc-11e4-8b70-001b219ae260",
  "transactionNumber" : "8a83948247cedf7801481803d8a03742",
  "currencyType" : "USD",
  "paymentType" : "PayonCreditCard",
  "amount" : 20.0,
  "success" : true,
  "imported" : false
}, {
  "id" : 47762819,
  "created" : 1408041823000,
  "storeAccountId" : 24962049,
  "userIp" : "67.84.5.251",
  "transactionId" : "NA1-96c054dc-241d-11e4-85f7-001b219ae260",
  "transactionNumber" : "3TR372881X4991401",
  "currencyType" : "USD",
  "paymentType" : "PayPal",
  "amount" : 5.0,
  "success" : true,
  "imported" : false
}, {
  "id" : 47762565,
  "created" : 1408041659000,
  "storeAccountId" : 24962049,
  "userIp" : "67.84.5.251",
  "transactionId" : "NA1-350852e4-241d-11e4-85f7-001b219ae260",
  "transactionNumber" : "7V632040Y3886043U",
  "currencyType" : "USD",
  "paymentType" : "PayPal",
  "amount" : 10.0,
  "success" : true,
  "imported" : false
}, {
  "id" : 46491889,
  "created" : 1406118932000,
  "storeAccountId" : 24962049,
  "userIp" : "67.84.5.251",
  "transactionId" : "NA1-82eba774-12a0-11e4-bea4-d4ae527d16ec",
  "transactionNumber" : "3R236445JL1936535",
  "currencyType" : "USD",
  "paymentType" : "PayPal",
  "amount" : 10.0,
  "success" : true,
  "imported" : false
}, {
  "id" : 46048568,
  "created" : 1405072418000,
  "storeAccountId" : 24962049,
  "userIp" : "67.84.5.251",
  "transactionId" : "NA1-e77a7bcc-091b-11e4-bea4-d4ae527d16ec",
  "transactionNumber" : "9L2313451W132090A",
  "currencyType" : "USD",
  "paymentType" : "PayPal",
  "amount" : 5.0,
  "success" : true,
  "imported" : false
}, {
  "id" : 44239821,
  "created" : 1401371713000,
  "storeAccountId" : 24962049,
  "userIp" : "67.84.5.251",
  "transactionId" : "NA1-87c4b50e-e773-11e3-bea4-d4ae527d16ec",
  "transactionNumber" : "2MU02410SC940844E",
  "currencyType" : "USD",
  "paymentType" : "PayPal",
  "amount" : 20.0,
  "success" : true,
  "imported" : false
}, {
  "id" : 43029100,
  "created" : 1399377303000,
  "storeAccountId" : 24962049,
  "userIp" : "67.84.5.251",
  "transactionId" : "NA1-ee790e0c-d54f-11e3-bea4-d4ae527d16ec",
  "transactionNumber" : "6652238300",
  "currencyType" : "USD",
  "paymentType" : "InComm",
  "amount" : 10.0,
  "success" : true,
  "imported" : false
}, {
  "id" : 40883227,
  "created" : 1395144818000,
  "storeAccountId" : 24962049,
  "userIp" : "67.84.5.251",
  "transactionId" : "NA1-68e171ac-aed1-11e3-bea4-d4ae527d16ec",
  "transactionNumber" : "6552178144",
  "currencyType" : "USD",
  "paymentType" : "InComm",
  "amount" : 25.0,
  "success" : true,
  "imported" : false
}, {
  "id" : 38205901,
  "created" : 1390566924000,
  "storeAccountId" : 24962049,
  "userIp" : "67.84.5.251",
  "transactionId" : "NA1-0d794d4e-8537-11e3-bea4-d4ae527d16ec",
  "transactionNumber" : "70755343",
  "currencyType" : "USD",
  "paymentType" : "InComm",
  "amount" : 25.0,
  "success" : true,
  "imported" : false
}, {
  "id" : 36778610,
  "created" : 1387998309000,
  "storeAccountId" : 24962049,
  "userIp" : "67.84.5.251",
  "transactionId" : "NA1-874903f4-6dda-11e3-bea4-d4ae527d16ec",
  "transactionNumber" : "8a83948a430d3f3701432cdccfc76736",
  "currencyType" : "USD",
  "paymentType" : "PayonCreditCard",
  "amount" : 10.0,
  "success" : true,
  "imported" : false
}, {
  "id" : 32516120,
  "created" : 1382203047000,
  "storeAccountId" : 24962049,
  "userIp" : "67.84.4.80",
  "transactionId" : "NA-0060b07c-391d-11e3-bba6-180373f53048",
  "transactionNumber" : "1H556601678128724",
  "currencyType" : "USD",
  "paymentType" : "PayPal",
  "amount" : 10.0,
  "success" : true,
  "imported" : false
}, {
  "id" : 27452313,
  "created" : 1371670206000,
  "storeAccountId" : 24962049,
  "userIp" : "67.84.4.80",
  "transactionId" : "NA-521b3bc0-d951-11e2-bba6-180373f53048",
  "transactionNumber" : "53193832",
  "currencyType" : "USD",
  "paymentType" : "InComm",
  "amount" : 10.0,
  "success" : true,
  "imported" : false
}, {
  "id" : 25877365,
  "created" : 1368283485000,
  "storeAccountId" : 24962049,
  "userIp" : "67.84.4.80",
  "transactionId" : "NA-fee72072-ba83-11e2-bba6-180373f53048",
  "transactionNumber" : "50284033",
  "currencyType" : "USD",
  "paymentType" : "InComm",
  "amount" : 25.0,
  "success" : true,
  "imported" : false
}, {
  "id" : 23470962,
  "created" : 1362676428000,
  "storeAccountId" : 24962049,
  "userIp" : "67.84.4.80",
  "transactionId" : "NA-6e844dc6-878d-11e2-bba6-180373f53048",
  "transactionNumber" : "5172852009",
  "currencyType" : "USD",
  "paymentType" : "InComm",
  "amount" : 10.0,
  "success" : true,
  "imported" : false
} ]